{
  "project_info": {
    "project_number": "308364379107",
    "project_id": "trainbookingticket521h0457",
    "storage_bucket": "trainbookingticket521h0457.firebasestorage.app"
  },
  "client": [
    {
      "client_info": {
        "mobilesdk_app_id": "1:308364379107:android:97d48e8d2b2ae92de1d6d6",
        "android_client_info": {
          "package_name": "com.example.final_trainbookingticket"
        }
      },
      "oauth_client": [],
      "api_key": [
        {
          "current_key": "AIzaSyAWpnpqXJXSQAx2chMVQHT4dbLKP5C1ups"
        }
      ],
      "services": {
        "appinvite_service": {
          "other_platform_oauth_client": []
        }
      }
    }
  ],
  "configuration_version": "1"
}