{
  "Railways": [
    {
      "railwayLogo": "",
      "railwayName": "Hanoi Railway",
      "arriveTime": "2h 30m",
      "classSeat": "First class",
      "date": "24 dec,2024",
      "from": "Hanoi",
      "fromShort": "HN",
      "numberSeat": 79,
      "price": 170.6,
      "reservedSeats": "D1,B3,B3,F6,E4,D1,D5,A6,A8,E7,F9,D11",
      "time": "07:30",
      "to": "Ho Chi Minh City",
      "toShort": "HCMC"
    },
    {
      "railwayLogo": "",
      "railwayName": "Hanoi Railway",
      "arriveTime": "2h 45m",
      "classSeat": "Business class",
      "date": "25 dec,2024",
      "from": "Hanoi",
      "fromShort": "HN",
      "numberSeat": 79,
      "price": 122.4,
      "reservedSeats": "D1,B3,B3,F6,E4,D1,D5,A6,A8,E7,F9,D11",
      "time": "12:54",
      "to": "Ho Chi Minh City",
      "toShort": "HCMC"
    },
{
      "railwayLogo": "",
      "railwayName": "Hanoi Railway",
      "arriveTime": "2h 25m",
      "classSeat": "First class",
      "date": "21 dec,2024",
      "from": "Hanoi",
      "fromShort": "HN",
      "numberSeat": 79,
      "price": 220.3,
      "reservedSeats": "D1,B3,B3,F6,E4,D1,D5,A6,A8,E7,F9,D11",
      "time": "17:35",
      "to": "Ho Chi Minh City",
      "toShort": "HCMC"
    },
    {
      "railwayLogo": "",
      "railwayName": "Hue Railway",
      "arriveTime": "2h 30m",
      "classSeat": "Business class",
      "date": "31 nov,2024",
      "from": "Hue",
      "fromShort": "TDH",
      "numberSeat": 92,
      "price": 169.1,
      "reservedSeats": "D1,B2,B3,F3,E2,D1,D5,A6",
      "time": "18:20",
      "to": "Ho Chi Minh City",
      "toShort": "HCMC"
    },
{
      "railwayLogo": "",
      "railwayName": "Hue Railway",
      "arriveTime": "1h 40m",
      "classSeat": "First class",
      "date": "01 dec,2024",
      "from": "Hue",
      "fromShort": "TDH",
      "numberSeat": 92,
      "price": 123.9,
      "reservedSeats": "D1,B2,B3,F3,E2,D1,D5,A6",
      "time": "12:30",
      "to": "Ha Tinh",
      "toShort": "HT"
    },
{
      "railwayLogo": "",
      "railwayName": "Hue Railway",
      "arriveTime": "2h 30m",
      "classSeat": "Business class",
      "date": "24 dec,2024",
      "from": "Hue",
      "fromShort": "TDH",
      "numberSeat": 92,
      "price": 150.00,
      "reservedSeats": "D1,B2,B3,F3,E2,D1,D5,A6",
      "time": "06:30",
      "to": "Dong Nai",
      "toShort": "DN"
    },
    {
      "railwayLogo": "",
      "railwayName": "Da Nang Railway",
      "arriveTime": "2h 10m",
      "classSeat": "Business class",
      "date": "24 aug,2024",
      "from": "Da Nang",
      "fromShort": "DNC",
      "numberSeat": 91,
      "price": 159.1,
      "reservedSeats": "D1,B3,B3,F6,E4,D1,D5,A6",
      "time": "22:45",
      "to": "Ho Chi Minh City",
      "toShort": "HCMC"
    },
    {
      "railwayLogo": "",
      "railwayName": "Da Nang Railway",
      "arriveTime": "1h 50m",
      "classSeat": "Business class",
      "date": "24 aug,2024",
      "from": "Da Nang",
      "fromShort": "DNC",
      "numberSeat": 98,
      "price": 157.35,
      "reservedSeats": "D1,B2,B3,F3,E2,D1,D5,A6",
      "time": "01:05",
      "to": "Ho Chi Minh City",
      "toShort": "HCMC"
    },
    {
      "railwayLogo": "",
      "railwayName": "Da Nang Railway",
      "arriveTime": "1h 10m",
      "classSeat": "Business class",
      "date": "24 aug,2024",
      "from": "Da Nang",
      "fromShort": "DNC",
      "numberSeat": 98,
      "price": 75.35,
      "reservedSeats": "D1,B2,B3,F3,E2,D1,D5,A6",
      "time": "05:05",
      "to": "Ha Tinh",
      "toShort": "HT"
    }
  ],
  "Locations": [
    {
      "Id": 0,
      "Name": "Ho Chi Minh City"
    },
    {
      "Id": 1,
      "Name": "Hanoi"
    },
    {
      "Id": 2,
      "Name": "Da Nang"
    },
    {
      "Id": 3,
      "Name": "Hue"
    },
    {
      "Id": 4,
      "Name": "Thai Binh"
    },
    {
      "Id": 5,
      "Name": "Ca Mau"
    },
    {
      "Id": 6,
      "Name": "Nha Trang"
    },
    {
      "Id": 7,
      "Name": "Ha Tinh"
    },
    {
      "Id": 8,
      "Name": "Dong Nai"
    },
    {
      "Id": 9,
      "Name": "Ninh Binh"
    }
  ]
}